{
    "smm": {
        "balance": {
            "binance": {
                "btc": 70,
                "pax": -54504.4500000009,
                "usdt": 54375.34759899911
            },
            "bitmex": {
                "XBTUSD@future": 0
            },
            "dgf": {
                "btc": 0.06333845639999991,
                "mgo": -458.9799999999997,
                "tusd": -35.965710779999995,
                "usdt": 36.26059999999999
            },
            "okex": {
                "btc": 0.25644182,
                "eos": 205.88110000000034,
                "ltc": 4,
                "usdt": 1376.1258654006572
            }
        }
    },
    "smm1": {
        "balance": {
            "binance": {
                "pax": -40.43000000007714,
                "usdt": -20.09320099998729
            }
        }
    },
    "smm1_btc": {
        "balance": {
            "binance": {
                "btc": 4.102789999999998,
                "pax": -15935.536224350044
            }
        }
    },
    "smm_btc": {
        "balance": {
            "binance": {
                "btc": -0.4115970000000073,
                "pax": 796.4956772199821
            }
        }
    },
    "smm_ltc": {
        "balance": {
            "dgf": {
                "btc": 0.06333845639999991,
                "mgo": -458.9799999999997,
                "tusd": -35.965710779999995,
                "usdt": 36.26059999999999
            },
            "okex": {
                "btc": 0.25644182,
                "eos": 505.8606000000005,
                "ltc": -0.06034099999997977,
                "usdt": 912.8406068557169
            }
        }
    },
    "strategy1": {},
    "test": {
        "balance": {
            "huobi": {
                "ont": 2.5,
                "usdt": 15.6854709
            },
            "okex": {
                "btc": 0,
                "gusd": 0,
                "ont": 2.5,
                "pax": 0,
                "tusd": 0,
                "usdt": 15.459540399999995
            }
        }
    }
}